trim_pot: 322 ,pot_adjust: 322 ,last_read: 0 ,Percentage:31% ,trim_pot_changed True
trim_pot: 224 ,pot_adjust: 98 ,last_read: 322 ,Percentage:22% ,trim_pot_changed True
trim_pot: 112 ,pot_adjust: 112 ,last_read: 224 ,Percentage:11% ,trim_pot_changed True
trim_pot: 0 ,pot_adjust: 112 ,last_read: 112 ,Percentage:0% ,trim_pot_changed True
trim_pot: 4 ,pot_adjust: 4 ,last_read: 0 ,Percentage:0% ,trim_pot_changed True
trim_pot: 14 ,pot_adjust: 10 ,last_read: 4 ,Percentage:1% ,trim_pot_changed True
trim_pot: 0 ,pot_adjust: 14 ,last_read: 14 ,Percentage:0% ,trim_pot_changed True
trim_pot: 12 ,pot_adjust: 12 ,last_read: 0 ,Percentage:1% ,trim_pot_changed True
trim_pot: 0 ,pot_adjust: 12 ,last_read: 12 ,Percentage:0% ,trim_pot_changed True
trim_pot: 3 ,pot_adjust: 3 ,last_read: 0 ,Percentage:0% ,trim_pot_changed True
trim_pot: 11 ,pot_adjust: 8 ,last_read: 3 ,Percentage:1% ,trim_pot_changed True
trim_pot: 13 ,pot_adjust: 2 ,last_read: 11 ,Percentage:1% ,trim_pot_changed True
trim_pot: 14 ,pot_adjust: 1 ,last_read: 13 ,Percentage:1% ,trim_pot_changed True
trim_pot: 12 ,pot_adjust: 2 ,last_read: 14 ,Percentage:1% ,trim_pot_changed True
trim_pot: 0 ,pot_adjust: 12 ,last_read: 12 ,Percentage:0% ,trim_pot_changed True
trim_pot: 11 ,pot_adjust: 11 ,last_read: 0 ,Percentage:1% ,trim_pot_changed True
trim_pot: 11 ,pot_adjust: 0 ,last_read: 11 ,Percentage:1% ,trim_pot_changed False
trim_pot: 0 ,pot_adjust: 11 ,last_read: 11 ,Percentage:0% ,trim_pot_changed True
trim_pot: 0 ,pot_adjust: 0 ,last_read: 0 ,Percentage:0% ,trim_pot_changed False
trim_pot: 15 ,pot_adjust: 15 ,last_read: 0 ,Percentage:1% ,trim_pot_changed True
trim_pot: 0 ,pot_adjust: 15 ,last_read: 15 ,Percentage:0% ,trim_pot_changed True
trim_pot: 0 ,pot_adjust: 0 ,last_read: 0 ,Percentage:0% ,trim_pot_changed False
trim_pot: 0 ,pot_adjust: 0 ,last_read: 0 ,Percentage:0% ,trim_pot_changed False
trim_pot: 0 ,pot_adjust: 0 ,last_read: 0 ,Percentage:0% ,trim_pot_changed False
trim_pot: 0 ,pot_adjust: 0 ,last_read: 0 ,Percentage:0% ,trim_pot_changed False
trim_pot: 0 ,pot_adjust: 0 ,last_read: 0 ,Percentage:0% ,trim_pot_changed False
trim_pot: 0 ,pot_adjust: 0 ,last_read: 0 ,Percentage:0% ,trim_pot_changed False
trim_pot: 0 ,pot_adjust: 0 ,last_read: 0 ,Percentage:0% ,trim_pot_changed False
trim_pot: 0 ,pot_adjust: 0 ,last_read: 0 ,Percentage:0% ,trim_pot_changed False
trim_pot: 0 ,pot_adjust: 0 ,last_read: 0 ,Percentage:0% ,trim_pot_changed False
trim_pot: 0 ,pot_adjust: 0 ,last_read: 0 ,Percentage:0% ,trim_pot_changed False
trim_pot: 0 ,pot_adjust: 0 ,last_read: 0 ,Percentage:0% ,trim_pot_changed False
trim_pot: 0 ,pot_adjust: 0 ,last_read: 0 ,Percentage:0% ,trim_pot_changed False
trim_pot: 0 ,pot_adjust: 0 ,last_read: 0 ,Percentage:0% ,trim_pot_changed False
trim_pot: 0 ,pot_adjust: 0 ,last_read: 0 ,Percentage:0% ,trim_pot_changed False
trim_pot: 0 ,pot_adjust: 0 ,last_read: 0 ,Percentage:0% ,trim_pot_changed False
trim_pot: 8 ,pot_adjust: 8 ,last_read: 0 ,Percentage:1% ,trim_pot_changed True
trim_pot: 17 ,pot_adjust: 9 ,last_read: 8 ,Percentage:2% ,trim_pot_changed True
trim_pot: 225 ,pot_adjust: 208 ,last_read: 17 ,Percentage:22% ,trim_pot_changed True
trim_pot: 322 ,pot_adjust: 97 ,last_read: 225 ,Percentage:31% ,trim_pot_changed True
trim_pot: 313 ,pot_adjust: 9 ,last_read: 322 ,Percentage:31% ,trim_pot_changed True
trim_pot: 321 ,pot_adjust: 8 ,last_read: 313 ,Percentage:31% ,trim_pot_changed True
trim_pot: 321 ,pot_adjust: 0 ,last_read: 321 ,Percentage:31% ,trim_pot_changed False
trim_pot: 325 ,pot_adjust: 4 ,last_read: 321 ,Percentage:32% ,trim_pot_changed True
trim_pot: 307 ,pot_adjust: 18 ,last_read: 325 ,Percentage:30% ,trim_pot_changed True
trim_pot: 342 ,pot_adjust: 35 ,last_read: 307 ,Percentage:33% ,trim_pot_changed True
trim_pot: 333 ,pot_adjust: 9 ,last_read: 342 ,Percentage:33% ,trim_pot_changed True
trim_pot: 312 ,pot_adjust: 21 ,last_read: 333 ,Percentage:30% ,trim_pot_changed True
trim_pot: 335 ,pot_adjust: 23 ,last_read: 312 ,Percentage:33% ,trim_pot_changed True
trim_pot: 343 ,pot_adjust: 8 ,last_read: 335 ,Percentage:33% ,trim_pot_changed True
trim_pot: 328 ,pot_adjust: 15 ,last_read: 343 ,Percentage:32% ,trim_pot_changed True
trim_pot: 407 ,pot_adjust: 79 ,last_read: 328 ,Percentage:40% ,trim_pot_changed True
trim_pot: 405 ,pot_adjust: 2 ,last_read: 407 ,Percentage:40% ,trim_pot_changed True
trim_pot: 412 ,pot_adjust: 7 ,last_read: 405 ,Percentage:40% ,trim_pot_changed True
trim_pot: 404 ,pot_adjust: 8 ,last_read: 412 ,Percentage:39% ,trim_pot_changed True
trim_pot: 408 ,pot_adjust: 4 ,last_read: 404 ,Percentage:40% ,trim_pot_changed True
trim_pot: 378 ,pot_adjust: 30 ,last_read: 408 ,Percentage:37% ,trim_pot_changed True
trim_pot: 413 ,pot_adjust: 35 ,last_read: 378 ,Percentage:40% ,trim_pot_changed True
trim_pot: 380 ,pot_adjust: 33 ,last_read: 413 ,Percentage:37% ,trim_pot_changed True
trim_pot: 377 ,pot_adjust: 3 ,last_read: 380 ,Percentage:37% ,trim_pot_changed True
trim_pot: 338 ,pot_adjust: 39 ,last_read: 377 ,Percentage:33% ,trim_pot_changed True
trim_pot: 319 ,pot_adjust: 19 ,last_read: 338 ,Percentage:31% ,trim_pot_changed True
trim_pot: 321 ,pot_adjust: 2 ,last_read: 319 ,Percentage:31% ,trim_pot_changed True
trim_pot: 307 ,pot_adjust: 14 ,last_read: 321 ,Percentage:30% ,trim_pot_changed True
trim_pot: 200 ,pot_adjust: 107 ,last_read: 307 ,Percentage:20% ,trim_pot_changed True
trim_pot: 177 ,pot_adjust: 23 ,last_read: 200 ,Percentage:17% ,trim_pot_changed True
trim_pot: 0 ,pot_adjust: 177 ,last_read: 177 ,Percentage:0% ,trim_pot_changed True
trim_pot: 4 ,pot_adjust: 4 ,last_read: 0 ,Percentage:0% ,trim_pot_changed True
trim_pot: 8 ,pot_adjust: 4 ,last_read: 4 ,Percentage:1% ,trim_pot_changed True
trim_pot: 0 ,pot_adjust: 8 ,last_read: 8 ,Percentage:0% ,trim_pot_changed True
trim_pot: 0 ,pot_adjust: 0 ,last_read: 0 ,Percentage:0% ,trim_pot_changed False
trim_pot: 0 ,pot_adjust: 0 ,last_read: 0 ,Percentage:0% ,trim_pot_changed False
trim_pot: 9 ,pot_adjust: 9 ,last_read: 0 ,Percentage:1% ,trim_pot_changed True
trim_pot: 0 ,pot_adjust: 9 ,last_read: 9 ,Percentage:0% ,trim_pot_changed True
trim_pot: 10 ,pot_adjust: 10 ,last_read: 0 ,Percentage:1% ,trim_pot_changed True
trim_pot: 0 ,pot_adjust: 10 ,last_read: 10 ,Percentage:0% ,trim_pot_changed True
trim_pot: 0 ,pot_adjust: 0 ,last_read: 0 ,Percentage:0% ,trim_pot_changed False
trim_pot: 7 ,pot_adjust: 7 ,last_read: 0 ,Percentage:1% ,trim_pot_changed True
trim_pot: 0 ,pot_adjust: 7 ,last_read: 7 ,Percentage:0% ,trim_pot_changed True
trim_pot: 0 ,pot_adjust: 0 ,last_read: 0 ,Percentage:0% ,trim_pot_changed False
trim_pot: 0 ,pot_adjust: 0 ,last_read: 0 ,Percentage:0% ,trim_pot_changed False
trim_pot: 0 ,pot_adjust: 0 ,last_read: 0 ,Percentage:0% ,trim_pot_changed False
trim_pot: 0 ,pot_adjust: 0 ,last_read: 0 ,Percentage:0% ,trim_pot_changed False
trim_pot: 0 ,pot_adjust: 0 ,last_read: 0 ,Percentage:0% ,trim_pot_changed False
trim_pot: 0 ,pot_adjust: 0 ,last_read: 0 ,Percentage:0% ,trim_pot_changed False
trim_pot: 0 ,pot_adjust: 0 ,last_read: 0 ,Percentage:0% ,trim_pot_changed False
trim_pot: 0 ,pot_adjust: 0 ,last_read: 0 ,Percentage:0% ,trim_pot_changed False
trim_pot: 0 ,pot_adjust: 0 ,last_read: 0 ,Percentage:0% ,trim_pot_changed False
trim_pot: 0 ,pot_adjust: 0 ,last_read: 0 ,Percentage:0% ,trim_pot_changed False
trim_pot: 0 ,pot_adjust: 0 ,last_read: 0 ,Percentage:0% ,trim_pot_changed False
trim_pot: 5 ,pot_adjust: 5 ,last_read: 0 ,Percentage:0% ,trim_pot_changed True
trim_pot: 10 ,pot_adjust: 5 ,last_read: 5 ,Percentage:1% ,trim_pot_changed True
trim_pot: 15 ,pot_adjust: 5 ,last_read: 10 ,Percentage:1% ,trim_pot_changed True
trim_pot: 36 ,pot_adjust: 21 ,last_read: 15 ,Percentage:4% ,trim_pot_changed True
trim_pot: 220 ,pot_adjust: 184 ,last_read: 36 ,Percentage:21% ,trim_pot_changed True
trim_pot: 317 ,pot_adjust: 97 ,last_read: 220 ,Percentage:31% ,trim_pot_changed True
trim_pot: 315 ,pot_adjust: 2 ,last_read: 317 ,Percentage:31% ,trim_pot_changed True
trim_pot: 315 ,pot_adjust: 0 ,last_read: 315 ,Percentage:31% ,trim_pot_changed False
trim_pot: 323 ,pot_adjust: 8 ,last_read: 315 ,Percentage:32% ,trim_pot_changed True
trim_pot: 309 ,pot_adjust: 14 ,last_read: 323 ,Percentage:30% ,trim_pot_changed True
trim_pot: 265 ,pot_adjust: 44 ,last_read: 309 ,Percentage:26% ,trim_pot_changed True
trim_pot: 405 ,pot_adjust: 140 ,last_read: 265 ,Percentage:40% ,trim_pot_changed True
trim_pot: 379 ,pot_adjust: 26 ,last_read: 405 ,Percentage:37% ,trim_pot_changed True
trim_pot: 407 ,pot_adjust: 28 ,last_read: 379 ,Percentage:40% ,trim_pot_changed True
trim_pot: 394 ,pot_adjust: 13 ,last_read: 407 ,Percentage:38% ,trim_pot_changed True
trim_pot: 399 ,pot_adjust: 5 ,last_read: 394 ,Percentage:39% ,trim_pot_changed True
trim_pot: 383 ,pot_adjust: 16 ,last_read: 399 ,Percentage:37% ,trim_pot_changed True
trim_pot: 377 ,pot_adjust: 6 ,last_read: 383 ,Percentage:37% ,trim_pot_changed True
trim_pot: 357 ,pot_adjust: 20 ,last_read: 377 ,Percentage:35% ,trim_pot_changed True
trim_pot: 259 ,pot_adjust: 98 ,last_read: 357 ,Percentage:25% ,trim_pot_changed True
trim_pot: 330 ,pot_adjust: 71 ,last_read: 259 ,Percentage:32% ,trim_pot_changed True
trim_pot: 305 ,pot_adjust: 25 ,last_read: 330 ,Percentage:30% ,trim_pot_changed True
trim_pot: 290 ,pot_adjust: 15 ,last_read: 305 ,Percentage:28% ,trim_pot_changed True
trim_pot: 202 ,pot_adjust: 88 ,last_read: 290 ,Percentage:20% ,trim_pot_changed True
trim_pot: 71 ,pot_adjust: 131 ,last_read: 202 ,Percentage:7% ,trim_pot_changed True
trim_pot: 0 ,pot_adjust: 71 ,last_read: 71 ,Percentage:0% ,trim_pot_changed True
trim_pot: 1 ,pot_adjust: 1 ,last_read: 0 ,Percentage:0% ,trim_pot_changed True
trim_pot: 7 ,pot_adjust: 6 ,last_read: 1 ,Percentage:1% ,trim_pot_changed True
trim_pot: 0 ,pot_adjust: 7 ,last_read: 7 ,Percentage:0% ,trim_pot_changed True
trim_pot: 4 ,pot_adjust: 4 ,last_read: 0 ,Percentage:0% ,trim_pot_changed True
trim_pot: 0 ,pot_adjust: 4 ,last_read: 4 ,Percentage:0% ,trim_pot_changed True
trim_pot: 0 ,pot_adjust: 0 ,last_read: 0 ,Percentage:0% ,trim_pot_changed False
trim_pot: 0 ,pot_adjust: 0 ,last_read: 0 ,Percentage:0% ,trim_pot_changed False
trim_pot: 0 ,pot_adjust: 0 ,last_read: 0 ,Percentage:0% ,trim_pot_changed False
trim_pot: 0 ,pot_adjust: 0 ,last_read: 0 ,Percentage:0% ,trim_pot_changed False
trim_pot: 0 ,pot_adjust: 0 ,last_read: 0 ,Percentage:0% ,trim_pot_changed False
trim_pot: 0 ,pot_adjust: 0 ,last_read: 0 ,Percentage:0% ,trim_pot_changed False
trim_pot: 0 ,pot_adjust: 0 ,last_read: 0 ,Percentage:0% ,trim_pot_changed False
trim_pot: 0 ,pot_adjust: 0 ,last_read: 0 ,Percentage:0% ,trim_pot_changed False
trim_pot: 0 ,pot_adjust: 0 ,last_read: 0 ,Percentage:0% ,trim_pot_changed False
trim_pot: 0 ,pot_adjust: 0 ,last_read: 0 ,Percentage:0% ,trim_pot_changed False
trim_pot: 0 ,pot_adjust: 0 ,last_read: 0 ,Percentage:0% ,trim_pot_changed False
trim_pot: 0 ,pot_adjust: 0 ,last_read: 0 ,Percentage:0% ,trim_pot_changed False
trim_pot: 0 ,pot_adjust: 0 ,last_read: 0 ,Percentage:0% ,trim_pot_changed False
trim_pot: 0 ,pot_adjust: 0 ,last_read: 0 ,Percentage:0% ,trim_pot_changed False
trim_pot: 0 ,pot_adjust: 0 ,last_read: 0 ,Percentage:0% ,trim_pot_changed False
trim_pot: 0 ,pot_adjust: 0 ,last_read: 0 ,Percentage:0% ,trim_pot_changed False
trim_pot: 0 ,pot_adjust: 0 ,last_read: 0 ,Percentage:0% ,trim_pot_changed False
trim_pot: 0 ,pot_adjust: 0 ,last_read: 0 ,Percentage:0% ,trim_pot_changed False
trim_pot: 0 ,pot_adjust: 0 ,last_read: 0 ,Percentage:0% ,trim_pot_changed False
trim_pot: 3 ,pot_adjust: 3 ,last_read: 0 ,Percentage:0% ,trim_pot_changed True
trim_pot: 9 ,pot_adjust: 6 ,last_read: 3 ,Percentage:1% ,trim_pot_changed True
trim_pot: 125 ,pot_adjust: 116 ,last_read: 9 ,Percentage:12% ,trim_pot_changed True
trim_pot: 315 ,pot_adjust: 190 ,last_read: 125 ,Percentage:31% ,trim_pot_changed True
trim_pot: 250 ,pot_adjust: 65 ,last_read: 315 ,Percentage:24% ,trim_pot_changed True
trim_pot: 308 ,pot_adjust: 58 ,last_read: 250 ,Percentage:30% ,trim_pot_changed True
trim_pot: 320 ,pot_adjust: 12 ,last_read: 308 ,Percentage:31% ,trim_pot_changed True
trim_pot: 319 ,pot_adjust: 1 ,last_read: 320 ,Percentage:31% ,trim_pot_changed True
trim_pot: 320 ,pot_adjust: 1 ,last_read: 319 ,Percentage:31% ,trim_pot_changed True
trim_pot: 332 ,pot_adjust: 12 ,last_read: 320 ,Percentage:32% ,trim_pot_changed True
trim_pot: 332 ,pot_adjust: 0 ,last_read: 332 ,Percentage:32% ,trim_pot_changed False
trim_pot: 258 ,pot_adjust: 74 ,last_read: 332 ,Percentage:25% ,trim_pot_changed True
trim_pot: 324 ,pot_adjust: 66 ,last_read: 258 ,Percentage:32% ,trim_pot_changed True
trim_pot: 331 ,pot_adjust: 7 ,last_read: 324 ,Percentage:32% ,trim_pot_changed True
trim_pot: 346 ,pot_adjust: 15 ,last_read: 331 ,Percentage:34% ,trim_pot_changed True
trim_pot: 404 ,pot_adjust: 58 ,last_read: 346 ,Percentage:39% ,trim_pot_changed True
trim_pot: 398 ,pot_adjust: 6 ,last_read: 404 ,Percentage:39% ,trim_pot_changed True
trim_pot: 402 ,pot_adjust: 4 ,last_read: 398 ,Percentage:39% ,trim_pot_changed True
trim_pot: 394 ,pot_adjust: 8 ,last_read: 402 ,Percentage:38% ,trim_pot_changed True
trim_pot: 411 ,pot_adjust: 17 ,last_read: 394 ,Percentage:40% ,trim_pot_changed True
trim_pot: 365 ,pot_adjust: 46 ,last_read: 411 ,Percentage:36% ,trim_pot_changed True
trim_pot: 385 ,pot_adjust: 20 ,last_read: 365 ,Percentage:38% ,trim_pot_changed True
trim_pot: 319 ,pot_adjust: 66 ,last_read: 385 ,Percentage:31% ,trim_pot_changed True
trim_pot: 371 ,pot_adjust: 52 ,last_read: 319 ,Percentage:36% ,trim_pot_changed True
trim_pot: 330 ,pot_adjust: 41 ,last_read: 371 ,Percentage:32% ,trim_pot_changed True
trim_pot: 314 ,pot_adjust: 16 ,last_read: 330 ,Percentage:31% ,trim_pot_changed True
trim_pot: 300 ,pot_adjust: 14 ,last_read: 314 ,Percentage:29% ,trim_pot_changed True
trim_pot: 301 ,pot_adjust: 1 ,last_read: 300 ,Percentage:29% ,trim_pot_changed True
trim_pot: 230 ,pot_adjust: 71 ,last_read: 301 ,Percentage:22% ,trim_pot_changed True
trim_pot: 136 ,pot_adjust: 94 ,last_read: 230 ,Percentage:13% ,trim_pot_changed True
trim_pot: 0 ,pot_adjust: 136 ,last_read: 136 ,Percentage:0% ,trim_pot_changed True
trim_pot: 6 ,pot_adjust: 6 ,last_read: 0 ,Percentage:1% ,trim_pot_changed True
trim_pot: 0 ,pot_adjust: 6 ,last_read: 6 ,Percentage:0% ,trim_pot_changed True
trim_pot: 1 ,pot_adjust: 1 ,last_read: 0 ,Percentage:0% ,trim_pot_changed True
trim_pot: 0 ,pot_adjust: 1 ,last_read: 1 ,Percentage:0% ,trim_pot_changed True
trim_pot: 0 ,pot_adjust: 0 ,last_read: 0 ,Percentage:0% ,trim_pot_changed False
trim_pot: 0 ,pot_adjust: 0 ,last_read: 0 ,Percentage:0% ,trim_pot_changed False
trim_pot: 0 ,pot_adjust: 0 ,last_read: 0 ,Percentage:0% ,trim_pot_changed False
trim_pot: 1 ,pot_adjust: 1 ,last_read: 0 ,Percentage:0% ,trim_pot_changed True
trim_pot: 0 ,pot_adjust: 1 ,last_read: 1 ,Percentage:0% ,trim_pot_changed True
trim_pot: 0 ,pot_adjust: 0 ,last_read: 0 ,Percentage:0% ,trim_pot_changed False
trim_pot: 0 ,pot_adjust: 0 ,last_read: 0 ,Percentage:0% ,trim_pot_changed False
trim_pot: 0 ,pot_adjust: 0 ,last_read: 0 ,Percentage:0% ,trim_pot_changed False
trim_pot: 0 ,pot_adjust: 0 ,last_read: 0 ,Percentage:0% ,trim_pot_changed False
trim_pot: 0 ,pot_adjust: 0 ,last_read: 0 ,Percentage:0% ,trim_pot_changed False
trim_pot: 0 ,pot_adjust: 0 ,last_read: 0 ,Percentage:0% ,trim_pot_changed False
trim_pot: 0 ,pot_adjust: 0 ,last_read: 0 ,Percentage:0% ,trim_pot_changed False
trim_pot: 0 ,pot_adjust: 0 ,last_read: 0 ,Percentage:0% ,trim_pot_changed False
trim_pot: 0 ,pot_adjust: 0 ,last_read: 0 ,Percentage:0% ,trim_pot_changed False
trim_pot: 0 ,pot_adjust: 0 ,last_read: 0 ,Percentage:0% ,trim_pot_changed False
trim_pot: 0 ,pot_adjust: 0 ,last_read: 0 ,Percentage:0% ,trim_pot_changed False
trim_pot: 0 ,pot_adjust: 0 ,last_read: 0 ,Percentage:0% ,trim_pot_changed False
trim_pot: 0 ,pot_adjust: 0 ,last_read: 0 ,Percentage:0% ,trim_pot_changed False
trim_pot: 0 ,pot_adjust: 0 ,last_read: 0 ,Percentage:0% ,trim_pot_changed False
trim_pot: 25 ,pot_adjust: 25 ,last_read: 0 ,Percentage:2% ,trim_pot_changed True
trim_pot: 0 ,pot_adjust: 25 ,last_read: 25 ,Percentage:0% ,trim_pot_changed True
trim_pot: 7 ,pot_adjust: 7 ,last_read: 0 ,Percentage:1% ,trim_pot_changed True
trim_pot: 17 ,pot_adjust: 10 ,last_read: 7 ,Percentage:2% ,trim_pot_changed True
trim_pot: 115 ,pot_adjust: 98 ,last_read: 17 ,Percentage:11% ,trim_pot_changed True
trim_pot: 317 ,pot_adjust: 202 ,last_read: 115 ,Percentage:31% ,trim_pot_changed True
trim_pot: 309 ,pot_adjust: 8 ,last_read: 317 ,Percentage:30% ,trim_pot_changed True
trim_pot: 323 ,pot_adjust: 14 ,last_read: 309 ,Percentage:32% ,trim_pot_changed True
trim_pot: 307 ,pot_adjust: 16 ,last_read: 323 ,Percentage:30% ,trim_pot_changed True
trim_pot: 328 ,pot_adjust: 21 ,last_read: 307 ,Percentage:32% ,trim_pot_changed True
trim_pot: 334 ,pot_adjust: 6 ,last_read: 328 ,Percentage:33% ,trim_pot_changed True
trim_pot: 321 ,pot_adjust: 13 ,last_read: 334 ,Percentage:31% ,trim_pot_changed True
trim_pot: 351 ,pot_adjust: 30 ,last_read: 321 ,Percentage:34% ,trim_pot_changed True
trim_pot: 330 ,pot_adjust: 21 ,last_read: 351 ,Percentage:32% ,trim_pot_changed True
trim_pot: 327 ,pot_adjust: 3 ,last_read: 330 ,Percentage:32% ,trim_pot_changed True
trim_pot: 327 ,pot_adjust: 0 ,last_read: 327 ,Percentage:32% ,trim_pot_changed False
trim_pot: 343 ,pot_adjust: 16 ,last_read: 327 ,Percentage:33% ,trim_pot_changed True
trim_pot: 439 ,pot_adjust: 96 ,last_read: 343 ,Percentage:43% ,trim_pot_changed True
trim_pot: 407 ,pot_adjust: 32 ,last_read: 439 ,Percentage:40% ,trim_pot_changed True
trim_pot: 426 ,pot_adjust: 19 ,last_read: 407 ,Percentage:42% ,trim_pot_changed True
trim_pot: 402 ,pot_adjust: 24 ,last_read: 426 ,Percentage:39% ,trim_pot_changed True
trim_pot: 403 ,pot_adjust: 1 ,last_read: 402 ,Percentage:39% ,trim_pot_changed True
trim_pot: 364 ,pot_adjust: 39 ,last_read: 403 ,Percentage:36% ,trim_pot_changed True
trim_pot: 355 ,pot_adjust: 9 ,last_read: 364 ,Percentage:35% ,trim_pot_changed True
trim_pot: 405 ,pot_adjust: 50 ,last_read: 355 ,Percentage:40% ,trim_pot_changed True
trim_pot: 344 ,pot_adjust: 61 ,last_read: 405 ,Percentage:34% ,trim_pot_changed True
trim_pot: 387 ,pot_adjust: 43 ,last_read: 344 ,Percentage:38% ,trim_pot_changed True
trim_pot: 310 ,pot_adjust: 77 ,last_read: 387 ,Percentage:30% ,trim_pot_changed True
trim_pot: 324 ,pot_adjust: 14 ,last_read: 310 ,Percentage:32% ,trim_pot_changed True
trim_pot: 334 ,pot_adjust: 10 ,last_read: 324 ,Percentage:33% ,trim_pot_changed True
trim_pot: 335 ,pot_adjust: 1 ,last_read: 334 ,Percentage:33% ,trim_pot_changed True
trim_pot: 261 ,pot_adjust: 74 ,last_read: 335 ,Percentage:25% ,trim_pot_changed True
trim_pot: 324 ,pot_adjust: 63 ,last_read: 261 ,Percentage:32% ,trim_pot_changed True
trim_pot: 160 ,pot_adjust: 164 ,last_read: 324 ,Percentage:16% ,trim_pot_changed True
trim_pot: 0 ,pot_adjust: 160 ,last_read: 160 ,Percentage:0% ,trim_pot_changed True
trim_pot: 0 ,pot_adjust: 0 ,last_read: 0 ,Percentage:0% ,trim_pot_changed False
trim_pot: 0 ,pot_adjust: 0 ,last_read: 0 ,Percentage:0% ,trim_pot_changed False
trim_pot: 0 ,pot_adjust: 0 ,last_read: 0 ,Percentage:0% ,trim_pot_changed False
trim_pot: 0 ,pot_adjust: 0 ,last_read: 0 ,Percentage:0% ,trim_pot_changed False
trim_pot: 0 ,pot_adjust: 0 ,last_read: 0 ,Percentage:0% ,trim_pot_changed False
trim_pot: 0 ,pot_adjust: 0 ,last_read: 0 ,Percentage:0% ,trim_pot_changed False
trim_pot: 0 ,pot_adjust: 0 ,last_read: 0 ,Percentage:0% ,trim_pot_changed False
trim_pot: 0 ,pot_adjust: 0 ,last_read: 0 ,Percentage:0% ,trim_pot_changed False
trim_pot: 1 ,pot_adjust: 1 ,last_read: 0 ,Percentage:0% ,trim_pot_changed True
trim_pot: 0 ,pot_adjust: 1 ,last_read: 1 ,Percentage:0% ,trim_pot_changed True
trim_pot: 0 ,pot_adjust: 0 ,last_read: 0 ,Percentage:0% ,trim_pot_changed False
trim_pot: 0 ,pot_adjust: 0 ,last_read: 0 ,Percentage:0% ,trim_pot_changed False
trim_pot: 0 ,pot_adjust: 0 ,last_read: 0 ,Percentage:0% ,trim_pot_changed False
trim_pot: 0 ,pot_adjust: 0 ,last_read: 0 ,Percentage:0% ,trim_pot_changed False
trim_pot: 0 ,pot_adjust: 0 ,last_read: 0 ,Percentage:0% ,trim_pot_changed False
trim_pot: 0 ,pot_adjust: 0 ,last_read: 0 ,Percentage:0% ,trim_pot_changed False
trim_pot: 0 ,pot_adjust: 0 ,last_read: 0 ,Percentage:0% ,trim_pot_changed False
trim_pot: 0 ,pot_adjust: 0 ,last_read: 0 ,Percentage:0% ,trim_pot_changed False
trim_pot: 0 ,pot_adjust: 0 ,last_read: 0 ,Percentage:0% ,trim_pot_changed False
trim_pot: 0 ,pot_adjust: 0 ,last_read: 0 ,Percentage:0% ,trim_pot_changed False
trim_pot: 0 ,pot_adjust: 0 ,last_read: 0 ,Percentage:0% ,trim_pot_changed False
trim_pot: 321 ,pot_adjust: 321 ,last_read: 0 ,Percentage:31% ,trim_pot_changed True
trim_pot: 324 ,pot_adjust: 3 ,last_read: 321 ,Percentage:32% ,trim_pot_changed True
trim_pot: 341 ,pot_adjust: 17 ,last_read: 324 ,Percentage:33% ,trim_pot_changed True
trim_pot: 289 ,pot_adjust: 52 ,last_read: 341 ,Percentage:28% ,trim_pot_changed True
trim_pot: 411 ,pot_adjust: 122 ,last_read: 289 ,Percentage:40% ,trim_pot_changed True
trim_pot: 402 ,pot_adjust: 9 ,last_read: 411 ,Percentage:39% ,trim_pot_changed True
trim_pot: 399 ,pot_adjust: 3 ,last_read: 402 ,Percentage:39% ,trim_pot_changed True
trim_pot: 379 ,pot_adjust: 20 ,last_read: 399 ,Percentage:37% ,trim_pot_changed True
trim_pot: 405 ,pot_adjust: 26 ,last_read: 379 ,Percentage:40% ,trim_pot_changed True
trim_pot: 403 ,pot_adjust: 2 ,last_read: 405 ,Percentage:39% ,trim_pot_changed True
trim_pot: 315 ,pot_adjust: 88 ,last_read: 403 ,Percentage:31% ,trim_pot_changed True
trim_pot: 360 ,pot_adjust: 45 ,last_read: 315 ,Percentage:35% ,trim_pot_changed True
trim_pot: 417 ,pot_adjust: 57 ,last_read: 360 ,Percentage:41% ,trim_pot_changed True
trim_pot: 323 ,pot_adjust: 94 ,last_read: 417 ,Percentage:32% ,trim_pot_changed True
trim_pot: 347 ,pot_adjust: 24 ,last_read: 323 ,Percentage:34% ,trim_pot_changed True
trim_pot: 345 ,pot_adjust: 2 ,last_read: 347 ,Percentage:34% ,trim_pot_changed True
trim_pot: 356 ,pot_adjust: 11 ,last_read: 345 ,Percentage:35% ,trim_pot_changed True
trim_pot: 333 ,pot_adjust: 23 ,last_read: 356 ,Percentage:33% ,trim_pot_changed True
trim_pot: 321 ,pot_adjust: 12 ,last_read: 333 ,Percentage:31% ,trim_pot_changed True
trim_pot: 345 ,pot_adjust: 24 ,last_read: 321 ,Percentage:34% ,trim_pot_changed True
trim_pot: 283 ,pot_adjust: 62 ,last_read: 345 ,Percentage:28% ,trim_pot_changed True
trim_pot: 309 ,pot_adjust: 26 ,last_read: 283 ,Percentage:30% ,trim_pot_changed True
trim_pot: 311 ,pot_adjust: 2 ,last_read: 309 ,Percentage:30% ,trim_pot_changed True
trim_pot: 292 ,pot_adjust: 19 ,last_read: 311 ,Percentage:29% ,trim_pot_changed True
trim_pot: 281 ,pot_adjust: 11 ,last_read: 292 ,Percentage:27% ,trim_pot_changed True
trim_pot: 196 ,pot_adjust: 85 ,last_read: 281 ,Percentage:19% ,trim_pot_changed True
trim_pot: 72 ,pot_adjust: 124 ,last_read: 196 ,Percentage:7% ,trim_pot_changed True
trim_pot: 7 ,pot_adjust: 65 ,last_read: 72 ,Percentage:1% ,trim_pot_changed True
trim_pot: 3 ,pot_adjust: 4 ,last_read: 7 ,Percentage:0% ,trim_pot_changed True
trim_pot: 3 ,pot_adjust: 0 ,last_read: 3 ,Percentage:0% ,trim_pot_changed False
trim_pot: 3 ,pot_adjust: 0 ,last_read: 3 ,Percentage:0% ,trim_pot_changed False
trim_pot: 0 ,pot_adjust: 3 ,last_read: 3 ,Percentage:0% ,trim_pot_changed True
trim_pot: 0 ,pot_adjust: 0 ,last_read: 0 ,Percentage:0% ,trim_pot_changed False
trim_pot: 0 ,pot_adjust: 0 ,last_read: 0 ,Percentage:0% ,trim_pot_changed False
trim_pot: 0 ,pot_adjust: 0 ,last_read: 0 ,Percentage:0% ,trim_pot_changed False
trim_pot: 7 ,pot_adjust: 7 ,last_read: 0 ,Percentage:1% ,trim_pot_changed True
trim_pot: 0 ,pot_adjust: 7 ,last_read: 7 ,Percentage:0% ,trim_pot_changed True
trim_pot: 0 ,pot_adjust: 0 ,last_read: 0 ,Percentage:0% ,trim_pot_changed False
trim_pot: 0 ,pot_adjust: 0 ,last_read: 0 ,Percentage:0% ,trim_pot_changed False
trim_pot: 1 ,pot_adjust: 1 ,last_read: 0 ,Percentage:0% ,trim_pot_changed True
trim_pot: 0 ,pot_adjust: 1 ,last_read: 1 ,Percentage:0% ,trim_pot_changed True
trim_pot: 0 ,pot_adjust: 0 ,last_read: 0 ,Percentage:0% ,trim_pot_changed False
trim_pot: 0 ,pot_adjust: 0 ,last_read: 0 ,Percentage:0% ,trim_pot_changed False
trim_pot: 0 ,pot_adjust: 0 ,last_read: 0 ,Percentage:0% ,trim_pot_changed False
trim_pot: 0 ,pot_adjust: 0 ,last_read: 0 ,Percentage:0% ,trim_pot_changed False
trim_pot: 0 ,pot_adjust: 0 ,last_read: 0 ,Percentage:0% ,trim_pot_changed False
trim_pot: 0 ,pot_adjust: 0 ,last_read: 0 ,Percentage:0% ,trim_pot_changed False
trim_pot: 0 ,pot_adjust: 0 ,last_read: 0 ,Percentage:0% ,trim_pot_changed False
trim_pot: 0 ,pot_adjust: 0 ,last_read: 0 ,Percentage:0% ,trim_pot_changed False
trim_pot: 0 ,pot_adjust: 0 ,last_read: 0 ,Percentage:0% ,trim_pot_changed False
trim_pot: 403 ,pot_adjust: 403 ,last_read: 0 ,Percentage:39% ,trim_pot_changed True
trim_pot: 358 ,pot_adjust: 45 ,last_read: 403 ,Percentage:35% ,trim_pot_changed True
trim_pot: 416 ,pot_adjust: 58 ,last_read: 358 ,Percentage:41% ,trim_pot_changed True
trim_pot: 397 ,pot_adjust: 19 ,last_read: 416 ,Percentage:39% ,trim_pot_changed True
trim_pot: 333 ,pot_adjust: 64 ,last_read: 397 ,Percentage:33% ,trim_pot_changed True
trim_pot: 386 ,pot_adjust: 53 ,last_read: 333 ,Percentage:38% ,trim_pot_changed True
trim_pot: 393 ,pot_adjust: 7 ,last_read: 386 ,Percentage:38% ,trim_pot_changed True
trim_pot: 371 ,pot_adjust: 22 ,last_read: 393 ,Percentage:36% ,trim_pot_changed True
trim_pot: 386 ,pot_adjust: 15 ,last_read: 371 ,Percentage:38% ,trim_pot_changed True
trim_pot: 335 ,pot_adjust: 51 ,last_read: 386 ,Percentage:33% ,trim_pot_changed True
trim_pot: 313 ,pot_adjust: 22 ,last_read: 335 ,Percentage:31% ,trim_pot_changed True
trim_pot: 338 ,pot_adjust: 25 ,last_read: 313 ,Percentage:33% ,trim_pot_changed True
trim_pot: 315 ,pot_adjust: 23 ,last_read: 338 ,Percentage:31% ,trim_pot_changed True
trim_pot: 285 ,pot_adjust: 30 ,last_read: 315 ,Percentage:28% ,trim_pot_changed True
trim_pot: 175 ,pot_adjust: 110 ,last_read: 285 ,Percentage:17% ,trim_pot_changed True
trim_pot: 27 ,pot_adjust: 148 ,last_read: 175 ,Percentage:3% ,trim_pot_changed True
trim_pot: 3 ,pot_adjust: 24 ,last_read: 27 ,Percentage:0% ,trim_pot_changed True
trim_pot: 10 ,pot_adjust: 7 ,last_read: 3 ,Percentage:1% ,trim_pot_changed True
trim_pot: 0 ,pot_adjust: 10 ,last_read: 10 ,Percentage:0% ,trim_pot_changed True
trim_pot: 1 ,pot_adjust: 1 ,last_read: 0 ,Percentage:0% ,trim_pot_changed True
trim_pot: 0 ,pot_adjust: 1 ,last_read: 1 ,Percentage:0% ,trim_pot_changed True
trim_pot: 3 ,pot_adjust: 3 ,last_read: 0 ,Percentage:0% ,trim_pot_changed True
trim_pot: 6 ,pot_adjust: 3 ,last_read: 3 ,Percentage:1% ,trim_pot_changed True
trim_pot: 0 ,pot_adjust: 6 ,last_read: 6 ,Percentage:0% ,trim_pot_changed True
trim_pot: 0 ,pot_adjust: 0 ,last_read: 0 ,Percentage:0% ,trim_pot_changed False
trim_pot: 4 ,pot_adjust: 4 ,last_read: 0 ,Percentage:0% ,trim_pot_changed True
trim_pot: 1 ,pot_adjust: 3 ,last_read: 4 ,Percentage:0% ,trim_pot_changed True
trim_pot: 0 ,pot_adjust: 1 ,last_read: 1 ,Percentage:0% ,trim_pot_changed True
trim_pot: 0 ,pot_adjust: 0 ,last_read: 0 ,Percentage:0% ,trim_pot_changed False
trim_pot: 0 ,pot_adjust: 0 ,last_read: 0 ,Percentage:0% ,trim_pot_changed False
trim_pot: 0 ,pot_adjust: 0 ,last_read: 0 ,Percentage:0% ,trim_pot_changed False
trim_pot: 0 ,pot_adjust: 0 ,last_read: 0 ,Percentage:0% ,trim_pot_changed False
trim_pot: 0 ,pot_adjust: 0 ,last_read: 0 ,Percentage:0% ,trim_pot_changed False
trim_pot: 0 ,pot_adjust: 0 ,last_read: 0 ,Percentage:0% ,trim_pot_changed False
trim_pot: 0 ,pot_adjust: 0 ,last_read: 0 ,Percentage:0% ,trim_pot_changed False
trim_pot: 0 ,pot_adjust: 0 ,last_read: 0 ,Percentage:0% ,trim_pot_changed False
trim_pot: 0 ,pot_adjust: 0 ,last_read: 0 ,Percentage:0% ,trim_pot_changed False
trim_pot: 0 ,pot_adjust: 0 ,last_read: 0 ,Percentage:0% ,trim_pot_changed False
trim_pot: 0 ,pot_adjust: 0 ,last_read: 0 ,Percentage:0% ,trim_pot_changed False
trim_pot: 0 ,pot_adjust: 0 ,last_read: 0 ,Percentage:0% ,trim_pot_changed False
trim_pot: 0 ,pot_adjust: 0 ,last_read: 0 ,Percentage:0% ,trim_pot_changed False
trim_pot: 0 ,pot_adjust: 0 ,last_read: 0 ,Percentage:0% ,trim_pot_changed False
trim_pot: 0 ,pot_adjust: 0 ,last_read: 0 ,Percentage:0% ,trim_pot_changed False
trim_pot: 5 ,pot_adjust: 5 ,last_read: 0 ,Percentage:0% ,trim_pot_changed True
trim_pot: 0 ,pot_adjust: 5 ,last_read: 5 ,Percentage:0% ,trim_pot_changed True
trim_pot: 24 ,pot_adjust: 24 ,last_read: 0 ,Percentage:2% ,trim_pot_changed True
trim_pot: 6 ,pot_adjust: 18 ,last_read: 24 ,Percentage:1% ,trim_pot_changed True
trim_pot: 85 ,pot_adjust: 79 ,last_read: 6 ,Percentage:8% ,trim_pot_changed True
trim_pot: 331 ,pot_adjust: 246 ,last_read: 85 ,Percentage:32% ,trim_pot_changed True
trim_pot: 318 ,pot_